date,platform,region,region_name,chart_type,rank,app_name,app_id,developer,url
2026-06-30,ios,tw,台湾,top-free,1,Pikmin Bloom,1556357398,"Niantic, Inc.",https://apps.apple.com/tw/app/pikmin-bloom/id1556357398?uo=2
2026-06-30,ios,tw,台湾,top-free,2,JUMP 全明星亂鬥,6762765238,Tadpole Entertainment Company Limited,https://apps.apple.com/tw/app/jump-%E5%85%A8%E6%98%8E%E6%98%9F%E4%BA%82%E9%AC%A5/id6762765238?uo=2
2026-06-30,ios,tw,台湾,top-free,3,從前有條街,6769718022,THANH AN SON DONG COMPANY LIMITED,https://apps.apple.com/tw/app/%E5%BE%9E%E5%89%8D%E6%9C%89%E6%A2%9D%E8%A1%97/id6769718022?uo=2
2026-06-30,ios,tw,台湾,top-free,4,Pokémon Champions,6741503079,The Pokemon Company,https://apps.apple.com/tw/app/pok%C3%A9mon-champions/id6741503079?uo=2
2026-06-30,ios,tw,台湾,top-free,5,Smash Fest!,6748084174,Flow Games Bilisim Yazilim ve Pazarlama Anonim Sirketi,https://apps.apple.com/tw/app/smash-fest/id6748084174?uo=2
2026-06-30,ios,tw,台湾,top-free,6,練氣3000層：墮落女帝逼我飛升,6759955644,Sky Entertainment Network Limited,https://apps.apple.com/tw/app/%E7%B7%B4%E6%B0%A33000%E5%B1%A4-%E5%A2%AE%E8%90%BD%E5%A5%B3%E5%B8%9D%E9%80%BC%E6%88%91%E9%A3%9B%E5%8D%87/id6759955644?uo=2
2026-06-30,ios,tw,台湾,top-free,7,雙面神姬,6760099690,GOAT GAMES COMPANY LIMITED,https://apps.apple.com/tw/app/%E9%9B%99%E9%9D%A2%E7%A5%9E%E5%A7%AC/id6760099690?uo=2
2026-06-30,ios,tw,台湾,top-free,8,口袋神兵,6745933175,"OBLIQUE GAMES, Corp.",https://apps.apple.com/tw/app/%E5%8F%A3%E8%A2%8B%E7%A5%9E%E5%85%B5/id6745933175?uo=2
2026-06-30,ios,tw,台湾,top-free,9,生存33天,6760992149,"Fun Journey Network Technology Co., Limited",https://apps.apple.com/tw/app/%E7%94%9F%E5%AD%9833%E5%A4%A9/id6760992149?uo=2
2026-06-30,ios,tw,台湾,top-free,10,Bus Traffic Fever!,6759763476,"GOODROID,Inc.",https://apps.apple.com/tw/app/bus-traffic-fever/id6759763476?uo=2
2026-06-30,ios,tw,台湾,top-free,11,Block Blast!,1617391485,Hungry Studio,https://apps.apple.com/tw/app/block-blast/id1617391485?uo=2
2026-06-30,ios,tw,台湾,top-free,12,緋聞港口：合併&故事,1623318294,Microfun Limited,https://apps.apple.com/tw/app/%E7%B7%8B%E8%81%9E%E6%B8%AF%E5%8F%A3-%E5%90%88%E4%BD%B5-%E6%95%85%E4%BA%8B/id1623318294?uo=2
2026-06-30,ios,tw,台湾,top-free,13,星絆之旅,6749404408,Com2uS Holdings,https://apps.apple.com/tw/app/%E6%98%9F%E7%B5%86%E4%B9%8B%E6%97%85/id6749404408?uo=2
2026-06-30,ios,tw,台湾,top-free,14,Family Style: Co-op Kitchen,1484208629,Co-op Kitchen LLC,https://apps.apple.com/tw/app/family-style-co-op-kitchen/id1484208629?uo=2
2026-06-30,ios,tw,台湾,top-free,15,Roblox,431946152,Roblox Corporation,https://apps.apple.com/tw/app/roblox/id431946152?uo=2
2026-06-30,ios,tw,台湾,top-free,16,粉彩世界：合作逃生,6733252780,Erwin .,https://apps.apple.com/tw/app/%E7%B2%89%E5%BD%A9%E4%B8%96%E7%95%8C-%E5%90%88%E4%BD%9C%E9%80%83%E7%94%9F/id6733252780?uo=2
2026-06-30,ios,tw,台湾,top-free,17,寒霜啟示錄,6443575749,Century Games Pte. Ltd.,https://apps.apple.com/tw/app/%E5%AF%92%E9%9C%9C%E5%95%9F%E7%A4%BA%E9%8C%84/id6443575749?uo=2
2026-06-30,ios,tw,台湾,top-free,18,《荒野亂鬥》,1229016807,Supercell,https://apps.apple.com/tw/app/%E8%8D%92%E9%87%8E%E4%BA%82%E9%AC%A5/id1229016807?uo=2
2026-06-30,ios,tw,台湾,top-free,19,食光旅行,6471045672,Century Games Pte. Ltd.,https://apps.apple.com/tw/app/%E9%A3%9F%E5%85%89%E6%97%85%E8%A1%8C/id6471045672?uo=2
2026-06-30,ios,tw,台湾,top-free,20,Royal Kingdom,1606549505,Dream Games,https://apps.apple.com/tw/app/royal-kingdom/id1606549505?uo=2
2026-06-30,ios,tw,台湾,top-free,21,Vita 麻將,6468921495,Vita Studio,https://apps.apple.com/tw/app/vita-%E9%BA%BB%E5%B0%87/id6468921495?uo=2
2026-06-30,ios,tw,台湾,top-free,22,Magic Sort!,6499209744,Grand Games A.Ş.,https://apps.apple.com/tw/app/magic-sort/id6499209744?uo=2
2026-06-30,ios,tw,台湾,top-free,23,Coin Master - Board Adventure,6745761596,Moon Active,https://apps.apple.com/tw/app/coin-master-board-adventure/id6745761596?uo=2
2026-06-30,ios,tw,台湾,top-free,24,Jewel Coloring,6759081967,Ta Ta Game Technology Limited,https://apps.apple.com/tw/app/jewel-coloring/id6759081967?uo=2
2026-06-30,ios,tw,台湾,top-free,25,點點大作戰,6738109752,FunPlus International AG,https://apps.apple.com/tw/app/%E9%BB%9E%E9%BB%9E%E5%A4%A7%E4%BD%9C%E6%88%B0/id6738109752?uo=2
2026-06-30,ios,tw,台湾,top-free,26,Block Out! - Color Sort Puzzle,6752672568,Grand Games A.Ş.,https://apps.apple.com/tw/app/block-out-color-sort-puzzle/id6752672568?uo=2
2026-06-30,ios,tw,台湾,top-free,27,Amaze GO! - 箭頭解謎,6758326278,Oakever Games,https://apps.apple.com/tw/app/amaze-go-%E7%AE%AD%E9%A0%AD%E8%A7%A3%E8%AC%8E/id6758326278?uo=2
2026-06-30,ios,tw,台湾,top-free,28,戰爭誓言,6749140416,"Peachcat Online Co., Limited",https://apps.apple.com/tw/app/%E6%88%B0%E7%88%AD%E8%AA%93%E8%A8%80/id6749140416?uo=2
2026-06-30,ios,tw,台湾,top-free,29,青丘世界：緣起,6759824994,"JOYSTAR GAME INFORMATION TECHNOLOGY CO.,LIMITED",https://apps.apple.com/tw/app/%E9%9D%92%E4%B8%98%E4%B8%96%E7%95%8C-%E7%B7%A3%E8%B5%B7/id6759824994?uo=2
2026-06-30,ios,tw,台湾,top-free,30,超能戰爭,6749109328,9z Games(HK),https://apps.apple.com/tw/app/%E8%B6%85%E8%83%BD%E6%88%B0%E7%88%AD/id6749109328?uo=2
2026-06-30,ios,tw,台湾,top-free,31,Travel Town - Merge Adventure,1521236603,Moon Active,https://apps.apple.com/tw/app/travel-town-merge-adventure/id1521236603?uo=2
2026-06-30,ios,tw,台湾,top-free,32,Castle Busters,6746328263,Voodoo,https://apps.apple.com/tw/app/castle-busters/id6746328263?uo=2
2026-06-30,ios,tw,台湾,top-free,33,點點英雄：骰子傳說,6740966864,HABBY,https://apps.apple.com/tw/app/%E9%BB%9E%E9%BB%9E%E8%8B%B1%E9%9B%84-%E9%AA%B0%E5%AD%90%E5%82%B3%E8%AA%AA/id6740966864?uo=2
2026-06-30,ios,tw,台湾,top-free,34,我的花園世界,6751560944,FLORAL GAMES LIMITED,https://apps.apple.com/tw/app/%E6%88%91%E7%9A%84%E8%8A%B1%E5%9C%92%E4%B8%96%E7%95%8C/id6751560944?uo=2
2026-06-30,ios,tw,台湾,top-free,35,Kingshot,6739554056,Century Games Pte. Ltd.,https://apps.apple.com/tw/app/kingshot/id6739554056?uo=2
2026-06-30,ios,tw,台湾,top-free,36,找不同 - 發現並找出所有不同,6504279468,Guru Smart Holding Limited,https://apps.apple.com/tw/app/%E6%89%BE%E4%B8%8D%E5%90%8C-%E7%99%BC%E7%8F%BE%E4%B8%A6%E6%89%BE%E5%87%BA%E6%89%80%E6%9C%89%E4%B8%8D%E5%90%8C/id6504279468?uo=2
2026-06-30,ios,tw,台湾,top-free,37,車車屍搭普 - 足球狂歡季來臨！,6760377678,"HIGGS TECHNOLOGY CO., LIMITED",https://apps.apple.com/tw/app/%E8%BB%8A%E8%BB%8A%E5%B1%8D%E6%90%AD%E6%99%AE-%E8%B6%B3%E7%90%83%E7%8B%82%E6%AD%A1%E5%AD%A3%E4%BE%86%E8%87%A8/id6760377678?uo=2
2026-06-30,ios,tw,台湾,top-free,38,無盡輪迴：鬼域摸金,6759596187,POPJOY (H.K.) LIMITED,https://apps.apple.com/tw/app/%E7%84%A1%E7%9B%A1%E8%BC%AA%E8%BF%B4-%E9%AC%BC%E5%9F%9F%E6%91%B8%E9%87%91/id6759596187?uo=2
2026-06-30,ios,tw,台湾,top-free,39,Garena 傳說對決：全元進擊版本,1089079153,Garena Online Private Ltd,https://apps.apple.com/tw/app/garena-%E5%82%B3%E8%AA%AA%E5%B0%8D%E6%B1%BA-%E5%85%A8%E5%85%83%E9%80%B2%E6%93%8A%E7%89%88%E6%9C%AC/id1089079153?uo=2
2026-06-30,ios,tw,台湾,top-free,40,好萊塢合成：星夢逆襲,6755455500,VoyagerOne,https://apps.apple.com/tw/app/%E5%A5%BD%E8%90%8A%E5%A1%A2%E5%90%88%E6%88%90-%E6%98%9F%E5%A4%A2%E9%80%86%E8%A5%B2/id6755455500?uo=2
2026-06-30,ios,tw,台湾,top-free,41,Garena® 三角洲行動,6670604287,Garena Mobile Games Private Ltd.,https://apps.apple.com/tw/app/garena-%E4%B8%89%E8%A7%92%E6%B4%B2%E8%A1%8C%E5%8B%95/id6670604287?uo=2
2026-06-30,ios,tw,台湾,top-free,42,Screw All Out - Jam Master,6737022506,Chengdu Warrior Tech Limited,https://apps.apple.com/tw/app/screw-all-out-jam-master/id6737022506?uo=2
2026-06-30,ios,tw,台湾,top-free,43,尋找物品：解謎遊戲,6751270213,NimbleMind,https://apps.apple.com/tw/app/%E5%B0%8B%E6%89%BE%E7%89%A9%E5%93%81-%E8%A7%A3%E8%AC%8E%E9%81%8A%E6%88%B2/id6751270213?uo=2
2026-06-30,ios,tw,台湾,top-free,44,Food Hunt: Pixel Puzzle,6769314786,FUNFINITY PTE. LTD,https://apps.apple.com/tw/app/food-hunt-pixel-puzzle/id6769314786?uo=2
2026-06-30,ios,tw,台湾,top-free,45,字詞接龍 - 詞語分類解謎,6755509102,Astrasen Global,https://apps.apple.com/tw/app/%E5%AD%97%E8%A9%9E%E6%8E%A5%E9%BE%8D-%E8%A9%9E%E8%AA%9E%E5%88%86%E9%A1%9E%E8%A7%A3%E8%AC%8E/id6755509102?uo=2
2026-06-30,ios,tw,台湾,top-free,46,mo.co,6474323148,Supercell,https://apps.apple.com/tw/app/mo-co/id6474323148?uo=2
2026-06-30,ios,tw,台湾,top-free,47,Color Block Jam,6504332779,Rollic Games,https://apps.apple.com/tw/app/color-block-jam/id6504332779?uo=2
2026-06-30,ios,tw,台湾,top-free,48,骷髏要稱王,6760324053,Touchbox Entertainment Limited,https://apps.apple.com/tw/app/%E9%AA%B7%E9%AB%8F%E8%A6%81%E7%A8%B1%E7%8E%8B/id6760324053?uo=2
2026-06-30,ios,tw,台湾,top-free,49,不用網路的遊戲 - 無網路遊戲 - 離線 遊戲 - 無網遊戲,6448104157,Moreno Maio,https://apps.apple.com/tw/app/%E4%B8%8D%E7%94%A8%E7%B6%B2%E8%B7%AF%E7%9A%84%E9%81%8A%E6%88%B2-%E7%84%A1%E7%B6%B2%E8%B7%AF%E9%81%8A%E6%88%B2-%E9%9B%A2%E7%B7%9A-%E9%81%8A%E6%88%B2-%E7%84%A1%E7%B6%B2%E9%81%8A%E6%88%B2/id6448104157?uo=2
2026-06-30,ios,tw,台湾,top-free,50,Coin Master,406889139,Moon Active,https://apps.apple.com/tw/app/coin-master/id406889139?uo=2
2026-06-30,ios,tw,台湾,top-free,51,恐龍突變 : T-Rex,6451176533,MondayOFF,https://apps.apple.com/tw/app/%E6%81%90%E9%BE%8D%E7%AA%81%E8%AE%8A-t-rex/id6451176533?uo=2
2026-06-30,ios,tw,台湾,top-free,52,Goods Master 3D: 收納遊戲 貨櫃整理達人,1577533842,"HIGGS TECHNOLOGY CO., LIMITED",https://apps.apple.com/tw/app/goods-master-3d-%E6%94%B6%E7%B4%8D%E9%81%8A%E6%88%B2-%E8%B2%A8%E6%AB%83%E6%95%B4%E7%90%86%E9%81%94%E4%BA%BA/id1577533842?uo=2
2026-06-30,ios,tw,台湾,top-free,53,Angry Birds 2,880047117,Rovio Entertainment Oyj,https://apps.apple.com/tw/app/angry-birds-2/id880047117?uo=2
2026-06-30,ios,tw,台湾,top-free,54,細胞保衛戰 - 生存射擊大亂鬥,6746465127,Snap Brain Games,https://apps.apple.com/tw/app/%E7%B4%B0%E8%83%9E%E4%BF%9D%E8%A1%9B%E6%88%B0-%E7%94%9F%E5%AD%98%E5%B0%84%E6%93%8A%E5%A4%A7%E4%BA%82%E9%AC%A5/id6746465127?uo=2
2026-06-30,ios,tw,台湾,top-free,55,迷霧小鎮: 合成遊戲 (Mystery Town),6503603603,Cedar Games Studio,https://apps.apple.com/tw/app/%E8%BF%B7%E9%9C%A7%E5%B0%8F%E9%8E%AE-%E5%90%88%E6%88%90%E9%81%8A%E6%88%B2-mystery-town/id6503603603?uo=2
2026-06-30,ios,tw,台湾,top-free,56,最終曙光（Last Light）,6754688265,BINGCHUAN NETWORK (HONG KONG) COMPANY LIMITED,https://apps.apple.com/tw/app/%E6%9C%80%E7%B5%82%E6%9B%99%E5%85%89-last-light/id6754688265?uo=2
2026-06-30,ios,tw,台湾,top-free,57,Arrows – Puzzle Escape,6748397500,Lessmore GmbH,https://apps.apple.com/tw/app/arrows-puzzle-escape/id6748397500?uo=2
2026-06-30,ios,tw,台湾,top-free,58,摩奇料理 主題餐廳,1643509748,Happibits,https://apps.apple.com/tw/app/%E6%91%A9%E5%A5%87%E6%96%99%E7%90%86-%E4%B8%BB%E9%A1%8C%E9%A4%90%E5%BB%B3/id1643509748?uo=2
2026-06-30,ios,tw,台湾,top-free,59,龍村 3,6499562253,Highbrow,https://apps.apple.com/tw/app/%E9%BE%8D%E6%9D%91-3/id6499562253?uo=2
2026-06-30,ios,tw,台湾,top-free,60,Crossmath 數學謎題休閒益智遊戲,1671991909,Guru Smart Holding Limited,https://apps.apple.com/tw/app/crossmath-%E6%95%B8%E5%AD%B8%E8%AC%8E%E9%A1%8C%E4%BC%91%E9%96%92%E7%9B%8A%E6%99%BA%E9%81%8A%E6%88%B2/id1671991909?uo=2
2026-06-30,ios,tw,台湾,top-free,61,魔法琴键3,1443446174,Amanotes Pte. Ltd.,https://apps.apple.com/tw/app/%E9%AD%94%E6%B3%95%E7%90%B4%E9%94%AE3/id1443446174?uo=2
2026-06-30,ios,tw,台湾,top-free,62,Brain Puzzle: Tricky Quest,6670789598,SmallStep Dev Team,https://apps.apple.com/tw/app/brain-puzzle-tricky-quest/id6670789598?uo=2
2026-06-30,ios,tw,台湾,top-free,63,Crash Fever 一指粉碎！新感覺益智 RPG,950175410,WonderPlanet Inc.,https://apps.apple.com/tw/app/crash-fever-%E4%B8%80%E6%8C%87%E7%B2%89%E7%A2%8E-%E6%96%B0%E6%84%9F%E8%A6%BA%E7%9B%8A%E6%99%BA-rpg/id950175410?uo=2
2026-06-30,ios,tw,台湾,top-free,64,貓咪大戰爭,971601423,ponos corporation,https://apps.apple.com/tw/app/%E8%B2%93%E5%92%AA%E5%A4%A7%E6%88%B0%E7%88%AD/id971601423?uo=2
2026-06-30,ios,tw,台湾,top-free,65,瘋狂餐廳(Cooking Madness),1323901884,ZenLife Games Pte. Ltd.,https://apps.apple.com/tw/app/%E7%98%8B%E7%8B%82%E9%A4%90%E5%BB%B3-cooking-madness/id1323901884?uo=2
2026-06-30,ios,tw,台湾,top-free,66,BLUE LOCK PWC,6476623870,Rudel inc.,https://apps.apple.com/tw/app/blue-lock-pwc/id6476623870?uo=2
2026-06-30,ios,tw,台湾,top-free,67,解憂小食光,6773322250,JOYGLOBE PTE. LTD.,https://apps.apple.com/tw/app/%E8%A7%A3%E6%86%82%E5%B0%8F%E9%A3%9F%E5%85%89/id6773322250?uo=2
2026-06-30,ios,tw,台湾,top-free,68,超自然行動組,6754004606,Giant Network,https://apps.apple.com/tw/app/%E8%B6%85%E8%87%AA%E7%84%B6%E8%A1%8C%E5%8B%95%E7%B5%84/id6754004606?uo=2
2026-06-30,ios,tw,台湾,top-free,69,PUBG MOBILE：絕地求生M,1453363650,MAINSTREAM UNIVERSAL CO. LTD.,https://apps.apple.com/tw/app/pubg-mobile-%E7%B5%95%E5%9C%B0%E6%B1%82%E7%94%9Fm/id1453363650?uo=2
2026-06-30,ios,tw,台湾,top-free,70,Empires & Puzzles: Match-3 RPG,1117841866,Small Giant Games,https://apps.apple.com/tw/app/empires-puzzles-match-3-rpg/id1117841866?uo=2
2026-06-30,ios,tw,台湾,top-free,71,楓之谷：放置冒險記,6739616715,NEXON Company,https://apps.apple.com/tw/app/%E6%A5%93%E4%B9%8B%E8%B0%B7-%E6%94%BE%E7%BD%AE%E5%86%92%E9%9A%AA%E8%A8%98/id6739616715?uo=2
2026-06-30,ios,tw,台湾,top-free,72,Pokémon GO,1094591345,"Niantic, Inc.",https://apps.apple.com/tw/app/pok%C3%A9mon-go/id1094591345?uo=2
2026-06-30,ios,tw,台湾,top-free,73,暗影英雄：突襲,6445880165,BINGCHUAN NETWORK (HONG KONG) COMPANY LIMITED,https://apps.apple.com/tw/app/%E6%9A%97%E5%BD%B1%E8%8B%B1%E9%9B%84-%E7%AA%81%E8%A5%B2/id6445880165?uo=2
2026-06-30,ios,tw,台湾,top-free,74,Brain Puzzle 3: Crazy Mind,6756482832,SmallStep Dev Team,https://apps.apple.com/tw/app/brain-puzzle-3-crazy-mind/id6756482832?uo=2
2026-06-30,ios,tw,台湾,top-free,75,貓咪造咖－有故事的貓咪咖啡廳,6502926371,Gamesofa Inc.,https://apps.apple.com/tw/app/%E8%B2%93%E5%92%AA%E9%80%A0%E5%92%96-%E6%9C%89%E6%95%85%E4%BA%8B%E7%9A%84%E8%B2%93%E5%92%AA%E5%92%96%E5%95%A1%E5%BB%B3/id6502926371?uo=2
2026-06-30,ios,tw,台湾,top-free,76,FIFA Panini Collection,6752864987,Panini S.p.A.,https://apps.apple.com/tw/app/fifa-panini-collection/id6752864987?uo=2
2026-06-30,ios,tw,台湾,top-free,77,Carnival Tycoon: Coin Games,6475709488,Wild Candle Spin LLC,https://apps.apple.com/tw/app/carnival-tycoon-coin-games/id6475709488?uo=2
2026-06-30,ios,tw,台湾,top-free,78,Epic Stickman: 放置型 RPG 戰爭,6503872838,Fansipan Limited,https://apps.apple.com/tw/app/epic-stickman-%E6%94%BE%E7%BD%AE%E5%9E%8B-rpg-%E6%88%B0%E7%88%AD/id6503872838?uo=2
2026-06-30,ios,tw,台湾,top-free,79,EA SPORTS FC™ 足球 Mobile 2026,1094930513,Electronic Arts,https://apps.apple.com/tw/app/ea-sports-fc-%E8%B6%B3%E7%90%83-mobile-2026/id1094930513?uo=2
2026-06-30,ios,tw,台湾,top-free,80,Dark War:Survival,6670441558,Omnilojo Pte Ltd,https://apps.apple.com/tw/app/dark-war-survival/id6670441558?uo=2
2026-06-30,ios,tw,台湾,top-free,81,Arrow Escape: Survival Run,6761997653,Majifa Bafim,https://apps.apple.com/tw/app/arrow-escape-survival-run/id6761997653?uo=2
2026-06-30,ios,tw,台湾,top-free,82,瑞利昂(RELLION)：NPC的生存記,6757416807,DAERI SOFT,https://apps.apple.com/tw/app/%E7%91%9E%E5%88%A9%E6%98%82-rellion-npc%E7%9A%84%E7%94%9F%E5%AD%98%E8%A8%98/id6757416807?uo=2
2026-06-30,ios,tw,台湾,top-free,83,Meowdoku!,6761760135,Oakever Games,https://apps.apple.com/tw/app/meowdoku/id6761760135?uo=2
2026-06-30,ios,tw,台湾,top-free,84,戀與深空,6443468077,INFOLD PTE. LTD.,https://apps.apple.com/tw/app/%E6%88%80%E8%88%87%E6%B7%B1%E7%A9%BA/id6443468077?uo=2
2026-06-30,ios,tw,台湾,top-free,85,三國志KING,6754595303,TOPSPOT GAMES,https://apps.apple.com/tw/app/%E4%B8%89%E5%9C%8B%E5%BF%97king/id6754595303?uo=2
2026-06-30,ios,tw,台湾,top-free,86,That’s My Seat – 邏輯益智,6532601126,ROOFTOP GAMES OYUN TEKNOLOJILERI ANONIM SIRKETI,https://apps.apple.com/tw/app/thats-my-seat-%E9%82%8F%E8%BC%AF%E7%9B%8A%E6%99%BA/id6532601126?uo=2
2026-06-30,ios,tw,台湾,top-free,87,UNO!™,1344700142,Mattel163 Limited,https://apps.apple.com/tw/app/uno/id1344700142?uo=2
2026-06-30,ios,tw,台湾,top-free,88,Money Sort: Merge Puzzle,6758149135,Loop Games Oyun Teknolojileri Anonim Sirketi,https://apps.apple.com/tw/app/money-sort-merge-puzzle/id6758149135?uo=2
2026-06-30,ios,tw,台湾,top-free,89,RUSH: Xtreme,6754098532,SayGames LTD,https://apps.apple.com/tw/app/rush-xtreme/id6754098532?uo=2
2026-06-30,ios,tw,台湾,top-free,90,Hole.io,1389111413,Voodoo,https://apps.apple.com/tw/app/hole-io/id1389111413?uo=2
2026-06-30,ios,tw,台湾,top-free,91,The Ghost - Multiplayer Horror,1557035248,Gameplier Ltd,https://apps.apple.com/tw/app/the-ghost-multiplayer-horror/id1557035248?uo=2
2026-06-30,ios,tw,台湾,top-free,92,蛋仔派對,1673675970,Envoy Interactive Entertainment Co.Ltd.,https://apps.apple.com/tw/app/%E8%9B%8B%E4%BB%94%E6%B4%BE%E5%B0%8D/id1673675970?uo=2
2026-06-30,ios,tw,台湾,top-free,93,紙牌接龍 – 文字遊戲,6748950306,Hitapps Games LTD,https://apps.apple.com/tw/app/%E7%B4%99%E7%89%8C%E6%8E%A5%E9%BE%8D-%E6%96%87%E5%AD%97%E9%81%8A%E6%88%B2/id6748950306?uo=2
2026-06-30,ios,tw,台湾,top-free,94,Toy Blast,890378044,Peak Games,https://apps.apple.com/tw/app/toy-blast/id890378044?uo=2
2026-06-30,ios,tw,台湾,top-free,95,靠裝勇者：背包合成RPG,6755585789,"5minlab Co., Ltd.",https://apps.apple.com/tw/app/%E9%9D%A0%E8%A3%9D%E5%8B%87%E8%80%85-%E8%83%8C%E5%8C%85%E5%90%88%E6%88%90rpg/id6755585789?uo=2
2026-06-30,ios,tw,台湾,top-free,96,Snipers Duel,6744592672,Voodoo,https://apps.apple.com/tw/app/snipers-duel/id6744592672?uo=2
2026-06-30,ios,tw,台湾,top-free,97,異環,6751030003,Iwplay World,https://apps.apple.com/tw/app/%E7%95%B0%E7%92%B0/id6751030003?uo=2
2026-06-30,ios,tw,台湾,top-free,98,麻將明星3缺1,501306812,"International Games System Co., Ltd.",https://apps.apple.com/tw/app/%E9%BA%BB%E5%B0%87%E6%98%8E%E6%98%9F3%E7%BC%BA1/id501306812?uo=2
2026-06-30,ios,tw,台湾,top-free,99,Rummikub,1015322991,Kinkajoo Ltd,https://apps.apple.com/tw/app/rummikub/id1015322991?uo=2
2026-06-30,ios,tw,台湾,top-free,100,2 Player Games : Offline Games,1465731199,Moreno Maio,https://apps.apple.com/tw/app/2-player-games-offline-games/id1465731199?uo=2
2026-06-30,ios,tw,台湾,top-grossing,1,寒霜啟示錄,6443575749,Century Games Pte. Ltd.,https://apps.apple.com/tw/app/%E5%AF%92%E9%9C%9C%E5%95%9F%E7%A4%BA%E9%8C%84/id6443575749?uo=2
2026-06-30,ios,tw,台湾,top-grossing,2,Pikmin Bloom,1556357398,"Niantic, Inc.",https://apps.apple.com/tw/app/pikmin-bloom/id1556357398?uo=2
2026-06-30,ios,tw,台湾,top-grossing,3,Kingshot,6739554056,Century Games Pte. Ltd.,https://apps.apple.com/tw/app/kingshot/id6739554056?uo=2
2026-06-30,ios,tw,台湾,top-grossing,4,星城-大鬧西遊2．大爆滿,919043762,Wanin International Co. Ltd.,https://apps.apple.com/tw/app/%E6%98%9F%E5%9F%8E-%E5%A4%A7%E9%AC%A7%E8%A5%BF%E9%81%8A2-%E5%A4%A7%E7%88%86%E6%BB%BF/id919043762?uo=2
2026-06-30,ios,tw,台湾,top-grossing,5,SD鋼彈 G世代 永恆,6692615881,Bandai Namco Entertainment Inc.,https://apps.apple.com/tw/app/sd%E9%8B%BC%E5%BD%88-g%E4%B8%96%E4%BB%A3-%E6%B0%B8%E6%81%86/id6692615881?uo=2
2026-06-30,ios,tw,台湾,top-grossing,6,麻將明星3缺1,501306812,"International Games System Co., Ltd.",https://apps.apple.com/tw/app/%E9%BA%BB%E5%B0%87%E6%98%8E%E6%98%9F3%E7%BC%BA1/id501306812?uo=2
2026-06-30,ios,tw,台湾,top-grossing,7,最後的戰爭 - Last War,6448786147,FUNFLY PTE. LTD.,https://apps.apple.com/tw/app/%E6%9C%80%E5%BE%8C%E7%9A%84%E6%88%B0%E7%88%AD-last-war/id6448786147?uo=2
2026-06-30,ios,tw,台湾,top-grossing,8,同盟塔防戰：並肩作戰,6503702666,SuperMagic,https://apps.apple.com/tw/app/%E5%90%8C%E7%9B%9F%E5%A1%94%E9%98%B2%E6%88%B0-%E4%B8%A6%E8%82%A9%E4%BD%9C%E6%88%B0/id6503702666?uo=2
2026-06-30,ios,tw,台湾,top-grossing,9,Garena 傳說對決：全元進擊版本,1089079153,Garena Online Private Ltd,https://apps.apple.com/tw/app/garena-%E5%82%B3%E8%AA%AA%E5%B0%8D%E6%B1%BA-%E5%85%A8%E5%85%83%E9%80%B2%E6%93%8A%E7%89%88%E6%9C%AC/id1089079153?uo=2
2026-06-30,ios,tw,台湾,top-grossing,10,包你發-王識賢、安心亞推薦休閒娛樂城-老虎機、捕魚機多款遊戲,1339550728,"YILE TECHNOLOGY CO., LTD.",https://apps.apple.com/tw/app/%E5%8C%85%E4%BD%A0%E7%99%BC-%E7%8E%8B%E8%AD%98%E8%B3%A2-%E5%AE%89%E5%BF%83%E4%BA%9E%E6%8E%A8%E8%96%A6%E4%BC%91%E9%96%92%E5%A8%9B%E6%A8%82%E5%9F%8E-%E8%80%81%E8%99%8E%E6%A9%9F-%E6%8D%95%E9%AD%9A%E6%A9%9F%E5%A4%9A%E6%AC%BE%E9%81%8A%E6%88%B2/id1339550728?uo=2
2026-06-30,ios,tw,台湾,top-grossing,11,Garena® 三角洲行動,6670604287,Garena Mobile Games Private Ltd.,https://apps.apple.com/tw/app/garena-%E4%B8%89%E8%A7%92%E6%B4%B2%E8%A1%8C%E5%8B%95/id6670604287?uo=2
2026-06-30,ios,tw,台湾,top-grossing,12,《荒野亂鬥》,1229016807,Supercell,https://apps.apple.com/tw/app/%E8%8D%92%E9%87%8E%E4%BA%82%E9%AC%A5/id1229016807?uo=2
2026-06-30,ios,tw,台湾,top-grossing,13,緋聞港口：合併&故事,1623318294,Microfun Limited,https://apps.apple.com/tw/app/%E7%B7%8B%E8%81%9E%E6%B8%AF%E5%8F%A3-%E5%90%88%E4%BD%B5-%E6%95%85%E4%BA%8B/id1623318294?uo=2
2026-06-30,ios,tw,台湾,top-grossing,14,糖果傳奇,553834731,King,https://apps.apple.com/tw/app/%E7%B3%96%E6%9E%9C%E5%82%B3%E5%A5%87/id553834731?uo=2
2026-06-30,ios,tw,台湾,top-grossing,15,Shadowverse: Worlds Beyond,6472019540,"Cygames, Inc.",https://apps.apple.com/tw/app/shadowverse-worlds-beyond/id6472019540?uo=2
2026-06-30,ios,tw,台湾,top-grossing,16,豪神娛樂城,1441199787,FINGER INTERNATIONAL TECHNOLOGY CORP.,https://apps.apple.com/tw/app/%E8%B1%AA%E7%A5%9E%E5%A8%9B%E6%A8%82%E5%9F%8E/id1441199787?uo=2
2026-06-30,ios,tw,台湾,top-grossing,17,RO仙境傳説：世界之旅,6749527002,Gravity Game Vision Limited,https://apps.apple.com/tw/app/ro%E4%BB%99%E5%A2%83%E5%82%B3%E8%AA%AC-%E4%B8%96%E7%95%8C%E4%B9%8B%E6%97%85/id6749527002?uo=2
2026-06-30,ios,tw,台湾,top-grossing,18,Coin Master,406889139,Moon Active,https://apps.apple.com/tw/app/coin-master/id406889139?uo=2
2026-06-30,ios,tw,台湾,top-grossing,19,金好運,1267732467,ARC PLAY LTD CO.,https://apps.apple.com/tw/app/%E9%87%91%E5%A5%BD%E9%81%8B/id1267732467?uo=2
2026-06-30,ios,tw,台湾,top-grossing,20,楓之谷：放置冒險記,6739616715,NEXON Company,https://apps.apple.com/tw/app/%E6%A5%93%E4%B9%8B%E8%B0%B7-%E6%94%BE%E7%BD%AE%E5%86%92%E9%9A%AA%E8%A8%98/id6739616715?uo=2
2026-06-30,ios,tw,台湾,top-grossing,21,魔靈召喚: 天空之役,852912420,Com2uS Corp.,https://apps.apple.com/tw/app/%E9%AD%94%E9%9D%88%E5%8F%AC%E5%96%9A-%E5%A4%A9%E7%A9%BA%E4%B9%8B%E5%BD%B9/id852912420?uo=2
2026-06-30,ios,tw,台湾,top-grossing,22,Pokémon TCG Pocket,6479970832,The Pokemon Company,https://apps.apple.com/tw/app/pok%C3%A9mon-tcg-pocket/id6479970832?uo=2
2026-06-30,ios,tw,台湾,top-grossing,23,賽馬娘Pretty Derby,1575861620,KOMOE TECHNOLOGY LIMITED,https://apps.apple.com/tw/app/%E8%B3%BD%E9%A6%AC%E5%A8%98pretty-derby/id1575861620?uo=2
2026-06-30,ios,tw,台湾,top-grossing,24,生存33天,6760992149,"Fun Journey Network Technology Co., Limited",https://apps.apple.com/tw/app/%E7%94%9F%E5%AD%9833%E5%A4%A9/id6760992149?uo=2
2026-06-30,ios,tw,台湾,top-grossing,25,麻將 神來也麻將－台灣16張、麻雀,455902495,Gamesofa Inc.,https://apps.apple.com/tw/app/%E9%BA%BB%E5%B0%87-%E7%A5%9E%E4%BE%86%E4%B9%9F%E9%BA%BB%E5%B0%87-%E5%8F%B0%E7%81%A316%E5%BC%B5-%E9%BA%BB%E9%9B%80/id455902495?uo=2
2026-06-30,ios,tw,台湾,top-grossing,26,嚦咕麻將-戰神賽特、雷神之錘、超八、賽馬、麻將、魚機、老虎機,6449517782,BOGE NETWORK TECHNOLOGY LTD.,https://apps.apple.com/tw/app/%E5%9A%A6%E5%92%95%E9%BA%BB%E5%B0%87-%E6%88%B0%E7%A5%9E%E8%B3%BD%E7%89%B9-%E9%9B%B7%E7%A5%9E%E4%B9%8B%E9%8C%98-%E8%B6%85%E5%85%AB-%E8%B3%BD%E9%A6%AC-%E9%BA%BB%E5%B0%87-%E9%AD%9A%E6%A9%9F-%E8%80%81%E8%99%8E%E6%A9%9F/id6449517782?uo=2
2026-06-30,ios,tw,台湾,top-grossing,27,JUMP 全明星亂鬥,6762765238,Tadpole Entertainment Company Limited,https://apps.apple.com/tw/app/jump-%E5%85%A8%E6%98%8E%E6%98%9F%E4%BA%82%E9%AC%A5/id6762765238?uo=2
2026-06-30,ios,tw,台湾,top-grossing,28,PUBG MOBILE：絕地求生M,1453363650,MAINSTREAM UNIVERSAL CO. LTD.,https://apps.apple.com/tw/app/pubg-mobile-%E7%B5%95%E5%9C%B0%E6%B1%82%E7%94%9Fm/id1453363650?uo=2
2026-06-30,ios,tw,台湾,top-grossing,29,雙面神姬,6760099690,GOAT GAMES COMPANY LIMITED,https://apps.apple.com/tw/app/%E9%9B%99%E9%9D%A2%E7%A5%9E%E5%A7%AC/id6760099690?uo=2
2026-06-30,ios,tw,台湾,top-grossing,30,信長之野望 真戰,6739514639,Sialia Games,https://apps.apple.com/tw/app/%E4%BF%A1%E9%95%B7%E4%B9%8B%E9%87%8E%E6%9C%9B-%E7%9C%9F%E6%88%B0/id6739514639?uo=2
2026-06-30,ios,tw,台湾,top-grossing,31,無盡輪迴：鬼域摸金,6759596187,POPJOY (H.K.) LIMITED,https://apps.apple.com/tw/app/%E7%84%A1%E7%9B%A1%E8%BC%AA%E8%BF%B4-%E9%AC%BC%E5%9F%9F%E6%91%B8%E9%87%91/id6759596187?uo=2
2026-06-30,ios,tw,台湾,top-grossing,32,戀與深空,6443468077,INFOLD PTE. LTD.,https://apps.apple.com/tw/app/%E6%88%80%E8%88%87%E6%B7%B1%E7%A9%BA/id6443468077?uo=2
2026-06-30,ios,tw,台湾,top-grossing,33,夢幻花園 (Gardenscapes),1105855019,Playrix,https://apps.apple.com/tw/app/%E5%A4%A2%E5%B9%BB%E8%8A%B1%E5%9C%92-gardenscapes/id1105855019?uo=2
2026-06-30,ios,tw,台湾,top-grossing,34,杖劍傳說：坎斯汀之約,6504542886,LTGAMES GLOBAL,https://apps.apple.com/tw/app/%E6%9D%96%E5%8A%8D%E5%82%B3%E8%AA%AA-%E5%9D%8E%E6%96%AF%E6%B1%80%E4%B9%8B%E7%B4%84/id6504542886?uo=2
2026-06-30,ios,tw,台湾,top-grossing,35,細胞保衛戰 - 生存射擊大亂鬥,6746465127,Snap Brain Games,https://apps.apple.com/tw/app/%E7%B4%B0%E8%83%9E%E4%BF%9D%E8%A1%9B%E6%88%B0-%E7%94%9F%E5%AD%98%E5%B0%84%E6%93%8A%E5%A4%A7%E4%BA%82%E9%AC%A5/id6746465127?uo=2
2026-06-30,ios,tw,台湾,top-grossing,36,貓咪大戰爭,971601423,ponos corporation,https://apps.apple.com/tw/app/%E8%B2%93%E5%92%AA%E5%A4%A7%E6%88%B0%E7%88%AD/id971601423?uo=2
2026-06-30,ios,tw,台湾,top-grossing,37,老子有錢 - 曾國城 X 籃籃唯一推薦 大獎爆不停,907432647,"Xiang Shang Games Co., Ltd.",https://apps.apple.com/tw/app/%E8%80%81%E5%AD%90%E6%9C%89%E9%8C%A2-%E6%9B%BE%E5%9C%8B%E5%9F%8E-x-%E7%B1%83%E7%B1%83%E5%94%AF%E4%B8%80%E6%8E%A8%E8%96%A6-%E5%A4%A7%E7%8D%8E%E7%88%86%E4%B8%8D%E5%81%9C/id907432647?uo=2
2026-06-30,ios,tw,台湾,top-grossing,38,運氣拚輸贏,6482291732,111%,https://apps.apple.com/tw/app/%E9%81%8B%E6%B0%A3%E6%8B%9A%E8%BC%B8%E8%B4%8F/id6482291732?uo=2
2026-06-30,ios,tw,台湾,top-grossing,39,Dark War:Survival,6670441558,Omnilojo Pte Ltd,https://apps.apple.com/tw/app/dark-war-survival/id6670441558?uo=2
2026-06-30,ios,tw,台湾,top-grossing,40,王國之歌（Top Heroes）,6450953550,River Game HK Limited,https://apps.apple.com/tw/app/%E7%8E%8B%E5%9C%8B%E4%B9%8B%E6%AD%8C-top-heroes/id6450953550?uo=2
2026-06-30,ios,tw,台湾,top-grossing,41,MLB 9局職棒 勁旅對決 26,1580691683,Com2uS Corp.,https://apps.apple.com/tw/app/mlb-9%E5%B1%80%E8%81%B7%E6%A3%92-%E5%8B%81%E6%97%85%E5%B0%8D%E6%B1%BA-26/id1580691683?uo=2
2026-06-30,ios,tw,台湾,top-grossing,42,Pokémon GO,1094591345,"Niantic, Inc.",https://apps.apple.com/tw/app/pok%C3%A9mon-go/id1094591345?uo=2
2026-06-30,ios,tw,台湾,top-grossing,43,食光旅行,6471045672,Century Games Pte. Ltd.,https://apps.apple.com/tw/app/%E9%A3%9F%E5%85%89%E6%97%85%E8%A1%8C/id6471045672?uo=2
2026-06-30,ios,tw,台湾,top-grossing,44,青丘世界：緣起,6759824994,"JOYSTAR GAME INFORMATION TECHNOLOGY CO.,LIMITED",https://apps.apple.com/tw/app/%E9%9D%92%E4%B8%98%E4%B8%96%E7%95%8C-%E7%B7%A3%E8%B5%B7/id6759824994?uo=2
2026-06-30,ios,tw,台湾,top-grossing,45,Last Z:Survival Shooter（倖存者逃亡）,6503272652,Omnilojo Pte Ltd,https://apps.apple.com/tw/app/last-z-survival-shooter-%E5%80%96%E5%AD%98%E8%80%85%E9%80%83%E4%BA%A1/id6503272652?uo=2
2026-06-30,ios,tw,台湾,top-grossing,46,龍村 3,6499562253,Highbrow,https://apps.apple.com/tw/app/%E9%BE%8D%E6%9D%91-3/id6499562253?uo=2
2026-06-30,ios,tw,台湾,top-grossing,47,點點英雄：骰子傳說,6740966864,HABBY,https://apps.apple.com/tw/app/%E9%BB%9E%E9%BB%9E%E8%8B%B1%E9%9B%84-%E9%AA%B0%E5%AD%90%E5%82%B3%E8%AA%AA/id6740966864?uo=2
2026-06-30,ios,tw,台湾,top-grossing,48,滿貫大亨娛樂城 - 雷霆之錘II：諸神黃昏 強勢降臨！,1007924271,獅子科技,https://apps.apple.com/tw/app/%E6%BB%BF%E8%B2%AB%E5%A4%A7%E4%BA%A8%E5%A8%9B%E6%A8%82%E5%9F%8E-%E9%9B%B7%E9%9C%86%E4%B9%8B%E9%8C%98ii-%E8%AB%B8%E7%A5%9E%E9%BB%83%E6%98%8F-%E5%BC%B7%E5%8B%A2%E9%99%8D%E8%87%A8/id1007924271?uo=2
2026-06-30,ios,tw,台湾,top-grossing,49,RO仙境傳說：守護永恆的愛,1253796614,"GRAVITY Co., Ltd.",https://apps.apple.com/tw/app/ro%E4%BB%99%E5%A2%83%E5%82%B3%E8%AA%AA-%E5%AE%88%E8%AD%B7%E6%B0%B8%E6%81%86%E7%9A%84%E6%84%9B/id1253796614?uo=2
2026-06-30,ios,tw,台湾,top-grossing,50,三國志・戰略版,1530758357,Sialia Games,https://apps.apple.com/tw/app/%E4%B8%89%E5%9C%8B%E5%BF%97-%E6%88%B0%E7%95%A5%E7%89%88/id1530758357?uo=2
2026-06-30,ios,tw,台湾,top-grossing,51,練氣3000層：墮落女帝逼我飛升,6759955644,Sky Entertainment Network Limited,https://apps.apple.com/tw/app/%E7%B7%B4%E6%B0%A33000%E5%B1%A4-%E5%A2%AE%E8%90%BD%E5%A5%B3%E5%B8%9D%E9%80%BC%E6%88%91%E9%A3%9B%E5%8D%87/id6759955644?uo=2
2026-06-30,ios,tw,台湾,top-grossing,52,NBA巔峰對決,6737599263,WILD CALY PTE. LTD.,https://apps.apple.com/tw/app/nba%E5%B7%94%E5%B3%B0%E5%B0%8D%E6%B1%BA/id6737599263?uo=2
2026-06-30,ios,tw,台湾,top-grossing,53,我的花園世界,6751560944,FLORAL GAMES LIMITED,https://apps.apple.com/tw/app/%E6%88%91%E7%9A%84%E8%8A%B1%E5%9C%92%E4%B8%96%E7%95%8C/id6751560944?uo=2
2026-06-30,ios,tw,台湾,top-grossing,54,燕雲十六聲,6744796128,LongE Corporation,https://apps.apple.com/tw/app/%E7%87%95%E9%9B%B2%E5%8D%81%E5%85%AD%E8%81%B2/id6744796128?uo=2
2026-06-30,ios,tw,台湾,top-grossing,55,天堂M,1276508585,Gamania Digital Entertainment,https://apps.apple.com/tw/app/%E5%A4%A9%E5%A0%82m/id1276508585?uo=2
2026-06-30,ios,tw,台湾,top-grossing,56,鳴潮 - 電馭叛客聯動,6475033368,KURO GAMES,https://apps.apple.com/tw/app/%E9%B3%B4%E6%BD%AE-%E9%9B%BB%E9%A6%AD%E5%8F%9B%E5%AE%A2%E8%81%AF%E5%8B%95/id6475033368?uo=2
2026-06-30,ios,tw,台湾,top-grossing,57,決勝時刻: Mobile - Garena,1465688043,Garena Mobile Private,https://apps.apple.com/tw/app/%E6%B1%BA%E5%8B%9D%E6%99%82%E5%88%BB-mobile-garena/id1465688043?uo=2
2026-06-30,ios,tw,台湾,top-grossing,58,夢幻家園 (Homescapes),1195621598,Playrix,https://apps.apple.com/tw/app/%E5%A4%A2%E5%B9%BB%E5%AE%B6%E5%9C%92-homescapes/id1195621598?uo=2
2026-06-30,ios,tw,台湾,top-grossing,59,Royal Match,1482155847,Dream Games,https://apps.apple.com/tw/app/royal-match/id1482155847?uo=2
2026-06-30,ios,tw,台湾,top-grossing,60,超能戰爭,6749109328,9z Games(HK),https://apps.apple.com/tw/app/%E8%B6%85%E8%83%BD%E6%88%B0%E7%88%AD/id6749109328?uo=2
2026-06-30,ios,tw,台湾,top-grossing,61,楓之谷M - 奇幻冒險MMORPG,1290086677,NEXON Company,https://apps.apple.com/tw/app/%E6%A5%93%E4%B9%8B%E8%B0%B7m-%E5%A5%87%E5%B9%BB%E5%86%92%E9%9A%AAmmorpg/id1290086677?uo=2
2026-06-30,ios,tw,台湾,top-grossing,62,EA SPORTS FC™ 足球 Mobile 2026,1094930513,Electronic Arts,https://apps.apple.com/tw/app/ea-sports-fc-%E8%B6%B3%E7%90%83-mobile-2026/id1094930513?uo=2
2026-06-30,ios,tw,台湾,top-grossing,63,三國：謀定天下 - 年度紀念慶典,6752602491,BILIBILI HK LIMITED,https://apps.apple.com/tw/app/%E4%B8%89%E5%9C%8B-%E8%AC%80%E5%AE%9A%E5%A4%A9%E4%B8%8B-%E5%B9%B4%E5%BA%A6%E7%B4%80%E5%BF%B5%E6%85%B6%E5%85%B8/id6752602491?uo=2
2026-06-30,ios,tw,台湾,top-grossing,64,怪物彈珠,850251209,"XFLAG, Inc.",https://apps.apple.com/tw/app/%E6%80%AA%E7%89%A9%E5%BD%88%E7%8F%A0/id850251209?uo=2
2026-06-30,ios,tw,台湾,top-grossing,65,新熱血江湖：世界,6756000886,Mover Games Limited,https://apps.apple.com/tw/app/%E6%96%B0%E7%86%B1%E8%A1%80%E6%B1%9F%E6%B9%96-%E4%B8%96%E7%95%8C/id6756000886?uo=2
2026-06-30,ios,tw,台湾,top-grossing,66,全明星街球派對,6469999573,I CAN ENTERTAINMENT H.K. CO. LTD,https://apps.apple.com/tw/app/%E5%85%A8%E6%98%8E%E6%98%9F%E8%A1%97%E7%90%83%E6%B4%BE%E5%B0%8D/id6469999573?uo=2
2026-06-30,ios,tw,台湾,top-grossing,67,大福Online-老虎機、捕魚、推幣機、刮刮樂、拉霸 娛樂城,1356980152,SpinX Games Limited,https://apps.apple.com/tw/app/%E5%A4%A7%E7%A6%8Fonline-%E8%80%81%E8%99%8E%E6%A9%9F-%E6%8D%95%E9%AD%9A-%E6%8E%A8%E5%B9%A3%E6%A9%9F-%E5%88%AE%E5%88%AE%E6%A8%82-%E6%8B%89%E9%9C%B8-%E5%A8%9B%E6%A8%82%E5%9F%8E/id1356980152?uo=2
2026-06-30,ios,tw,台湾,top-grossing,68,弓箭傳說2,6502820653,HABBY,https://apps.apple.com/tw/app/%E5%BC%93%E7%AE%AD%E5%82%B3%E8%AA%AA2/id6502820653?uo=2
2026-06-30,ios,tw,台湾,top-grossing,69,漫遊小鎮®：合併&故事,6443755785,Microfun Limited,https://apps.apple.com/tw/app/%E6%BC%AB%E9%81%8A%E5%B0%8F%E9%8E%AE-%E5%90%88%E4%BD%B5-%E6%95%85%E4%BA%8B/id6443755785?uo=2
2026-06-30,ios,tw,台湾,top-grossing,70,原神·空月之歌,1517783697,COGNOSPHERE PTE. LTD.,https://apps.apple.com/tw/app/%E5%8E%9F%E7%A5%9E-%E7%A9%BA%E6%9C%88%E4%B9%8B%E6%AD%8C/id1517783697?uo=2
2026-06-30,ios,tw,台湾,top-grossing,71,靠裝勇者：背包合成RPG,6755585789,"5minlab Co., Ltd.",https://apps.apple.com/tw/app/%E9%9D%A0%E8%A3%9D%E5%8B%87%E8%80%85-%E8%83%8C%E5%8C%85%E5%90%88%E6%88%90rpg/id6755585789?uo=2
2026-06-30,ios,tw,台湾,top-grossing,72,勝利女神：妮姬,1630883882,MAINSTREAM UNIVERSAL CO. LTD.,https://apps.apple.com/tw/app/%E5%8B%9D%E5%88%A9%E5%A5%B3%E7%A5%9E-%E5%A6%AE%E5%A7%AC/id1630883882?uo=2
2026-06-30,ios,tw,台湾,top-grossing,73,夢幻茶樓,6749302379,HONGKONG HEILI LIMITED,https://apps.apple.com/tw/app/%E5%A4%A2%E5%B9%BB%E8%8C%B6%E6%A8%93/id6749302379?uo=2
2026-06-30,ios,tw,台湾,top-grossing,74,進擊的惡魔團,6737409896,"Wemade Max Co., Ltd.",https://apps.apple.com/tw/app/%E9%80%B2%E6%93%8A%E7%9A%84%E6%83%A1%E9%AD%94%E5%9C%98/id6737409896?uo=2
2026-06-30,ios,tw,台湾,top-grossing,75,Royal Kingdom,1606549505,Dream Games,https://apps.apple.com/tw/app/royal-kingdom/id1606549505?uo=2
2026-06-30,ios,tw,台湾,top-grossing,76,夢想小鎮 (Township),638689075,Playrix,https://apps.apple.com/tw/app/%E5%A4%A2%E6%83%B3%E5%B0%8F%E9%8E%AE-township/id638689075?uo=2
2026-06-30,ios,tw,台湾,top-grossing,77,變身傳奇,6746192853,Billionairegames,https://apps.apple.com/tw/app/%E8%AE%8A%E8%BA%AB%E5%82%B3%E5%A5%87/id6746192853?uo=2
2026-06-30,ios,tw,台湾,top-grossing,78,《英雄聯盟：激鬥峽谷》,1501301871,"Taiwan Mobile Co., Ltd.",https://apps.apple.com/tw/app/%E8%8B%B1%E9%9B%84%E8%81%AF%E7%9B%9F-%E6%BF%80%E9%AC%A5%E5%B3%BD%E8%B0%B7/id1501301871?uo=2
2026-06-30,ios,tw,台湾,top-grossing,79,點點大作戰,6738109752,FunPlus International AG,https://apps.apple.com/tw/app/%E9%BB%9E%E9%BB%9E%E5%A4%A7%E4%BD%9C%E6%88%B0/id6738109752?uo=2
2026-06-30,ios,tw,台湾,top-grossing,80,火辣餐廳：合併&烹飪,6618142292,Microfun Limited,https://apps.apple.com/tw/app/%E7%81%AB%E8%BE%A3%E9%A4%90%E5%BB%B3-%E5%90%88%E4%BD%B5-%E7%83%B9%E9%A3%AA/id6618142292?uo=2
2026-06-30,ios,tw,台湾,top-grossing,81,Monster Hunter Now,6445906110,"Niantic, Inc.",https://apps.apple.com/tw/app/monster-hunter-now/id6445906110?uo=2
2026-06-30,ios,tw,台湾,top-grossing,82,MLB 制勝時刻 26,6462846417,WILD CALY PTE. LTD.,https://apps.apple.com/tw/app/mlb-%E5%88%B6%E5%8B%9D%E6%99%82%E5%88%BB-26/id6462846417?uo=2
2026-06-30,ios,tw,台湾,top-grossing,83,巔峰極速,6450006659,LongE Corporation,https://apps.apple.com/tw/app/%E5%B7%94%E5%B3%B0%E6%A5%B5%E9%80%9F/id6450006659?uo=2
2026-06-30,ios,tw,台湾,top-grossing,84,可獄不可囚,6738469826,SINGAPORE JUST GAME TECHNOLOGY PTE.LTD.,https://apps.apple.com/tw/app/%E5%8F%AF%E7%8D%84%E4%B8%8D%E5%8F%AF%E5%9B%9A/id6738469826?uo=2
2026-06-30,ios,tw,台湾,top-grossing,85,從前有條街,6769718022,THANH AN SON DONG COMPANY LIMITED,https://apps.apple.com/tw/app/%E5%BE%9E%E5%89%8D%E6%9C%89%E6%A2%9D%E8%A1%97/id6769718022?uo=2
2026-06-30,ios,tw,台湾,top-grossing,86,鬼雄三國：主公有夠鬼,6758817271,MAX GAME PTE.LTD.,https://apps.apple.com/tw/app/%E9%AC%BC%E9%9B%84%E4%B8%89%E5%9C%8B-%E4%B8%BB%E5%85%AC%E6%9C%89%E5%A4%A0%E9%AC%BC/id6758817271?uo=2
2026-06-30,ios,tw,台湾,top-grossing,87,神魔之塔,583798880,Mad Head Limited,https://apps.apple.com/tw/app/%E7%A5%9E%E9%AD%94%E4%B9%8B%E5%A1%94/id583798880?uo=2
2026-06-30,ios,tw,台湾,top-grossing,88,超時空街球對決,6757519748,LMD Games,https://apps.apple.com/tw/app/%E8%B6%85%E6%99%82%E7%A9%BA%E8%A1%97%E7%90%83%E5%B0%8D%E6%B1%BA/id6757519748?uo=2
2026-06-30,ios,tw,台湾,top-grossing,89,暗影英雄：突襲,6445880165,BINGCHUAN NETWORK (HONG KONG) COMPANY LIMITED,https://apps.apple.com/tw/app/%E6%9A%97%E5%BD%B1%E8%8B%B1%E9%9B%84-%E7%AA%81%E8%A5%B2/id6445880165?uo=2
2026-06-30,ios,tw,台湾,top-grossing,90,VAMPIR：血之繼承者,6738163891,Netmarble Corporation,https://apps.apple.com/tw/app/vampir-%E8%A1%80%E4%B9%8B%E7%B9%BC%E6%89%BF%E8%80%85/id6738163891?uo=2
2026-06-30,ios,tw,台湾,top-grossing,91,逆水寒,6474654939,Envoy Interactive Entertainment Co.Ltd.,https://apps.apple.com/tw/app/%E9%80%86%E6%B0%B4%E5%AF%92/id6474654939?uo=2
2026-06-30,ios,tw,台湾,top-grossing,92,Travel Town - Merge Adventure,1521236603,Moon Active,https://apps.apple.com/tw/app/travel-town-merge-adventure/id1521236603?uo=2
2026-06-30,ios,tw,台湾,top-grossing,93,真人麻將 野蠻世界娛樂城-陳雷推薦,1037737746,SayYo,https://apps.apple.com/tw/app/%E7%9C%9F%E4%BA%BA%E9%BA%BB%E5%B0%87-%E9%87%8E%E8%A0%BB%E4%B8%96%E7%95%8C%E5%A8%9B%E6%A8%82%E5%9F%8E-%E9%99%B3%E9%9B%B7%E6%8E%A8%E8%96%A6/id1037737746?uo=2
2026-06-30,ios,tw,台湾,top-grossing,94,跑跑卡丁車 Rush+,1466736988,NEXON Company,https://apps.apple.com/tw/app/%E8%B7%91%E8%B7%91%E5%8D%A1%E4%B8%81%E8%BB%8A-rush/id1466736988?uo=2
2026-06-30,ios,tw,台湾,top-grossing,95,eFootball™,1117270703,KONAMI,https://apps.apple.com/tw/app/efootball/id1117270703?uo=2
2026-06-30,ios,tw,台湾,top-grossing,96,骷髏要稱王,6760324053,Touchbox Entertainment Limited,https://apps.apple.com/tw/app/%E9%AA%B7%E9%AB%8F%E8%A6%81%E7%A8%B1%E7%8E%8B/id6760324053?uo=2
2026-06-30,ios,tw,台湾,top-grossing,97,MLB：9局職棒26,1059665257,Com2uS Corp.,https://apps.apple.com/tw/app/mlb-9%E5%B1%80%E8%81%B7%E6%A3%9226/id1059665257?uo=2
2026-06-30,ios,tw,台湾,top-grossing,98,叫我大掌櫃,1492885094,U-LIKE ENTERTAINMENT LIMITED,https://apps.apple.com/tw/app/%E5%8F%AB%E6%88%91%E5%A4%A7%E6%8E%8C%E6%AB%83/id1492885094?uo=2
2026-06-30,ios,tw,台湾,top-grossing,99,齒輪獸衛隊,6747024269,Perfeggs,https://apps.apple.com/tw/app/%E9%BD%92%E8%BC%AA%E7%8D%B8%E8%A1%9B%E9%9A%8A/id6747024269?uo=2
2026-06-30,ios,tw,台湾,top-grossing,100,永夜降臨：雙面魅影,6754668476,LONGSIN GAME,https://apps.apple.com/tw/app/%E6%B0%B8%E5%A4%9C%E9%99%8D%E8%87%A8-%E9%9B%99%E9%9D%A2%E9%AD%85%E5%BD%B1/id6754668476?uo=2
